{
    "NameTable": {
        "apb_agent_pkg": [
            "apb_agent_pkg",
            "kIuH1",
            "module"
        ],
        "_vcs_DPI_package": [
            "_vcs_DPI_package",
            "uM9F1",
            "module"
        ],
        "alu_tb": [
            "alu_tb",
            "EiRPr",
            "module"
        ],
        "vcs_paramclassrepository": [
            "vcs_paramclassrepository",
            "hEeZs",
            "module"
        ],
        "apb_if": [
            "apb_if",
            "d9vZk",
            "module"
        ],
        "alu_reg": [
            "alu_reg",
            "MmuQ9",
            "module"
        ],
        "_vcs_unit__3349347227": [
            "_vcs_unit__3349347227",
            "DqGeV",
            "module"
        ],
        "std": [
            "std",
            "reYIK",
            "module"
        ],
        "uvm_pkg": [
            "uvm_pkg",
            "zr7M1",
            "module"
        ],
        "...MASTER...": [
            "SIM",
            "amcQw",
            "module"
        ]
    },
    "SIMBData": {
        "out": "amcQwB.o",
        "bytes": 226214
    },
    "PEModules": [],
    "LVLData": [
        "SIM"
    ],
    "Misc": {
        "default_output_dir": "csrc",
        "daidir_abs": "/home/runner/simv.daidir",
        "cwd": "/home/runner",
        "csrc_abs": "/home/runner/csrc",
        "csrc": "csrc",
        "daidir": "simv.daidir",
        "archive_dir": "archive.0"
    },
    "CompileStrategy": "fullobj",
    "CurCompileUdps": {},
    "CurCompileModules": [
        "...MASTER...",
        "vcs_paramclassrepository",
        "_vcs_DPI_package",
        "_vcs_unit__3349347227",
        "std",
        "uvm_pkg",
        "apb_agent_pkg",
        "apb_if",
        "alu_reg",
        "alu_tb"
    ],
    "CompileProcesses": [
        "cgproc.401.json"
    ],
    "stat": {
        "nMops": 194608
    },
    "CompileStatus": "Successful"
}