{
    "Modules": {
        "...MASTER...": {},
        "alu_tb": {
            "Compiled": "Yes",
            "Compiled Times": 1
        },
        "alu_reg": {
            "Compiled": "Yes",
            "Compiled Times": 1
        },
        "vcs_paramclassrepository": {
            "Compiled": "Yes",
            "Compiled Times": 1
        },
        "apb_if": {
            "Compiled": "Yes",
            "Compiled Times": 1
        },
        "apb_agent_pkg": {
            "Compiled": "Yes",
            "Compiled Times": 1
        },
        "_vcs_DPI_package": {
            "Compiled": "Yes",
            "Compiled Times": 1
        },
        "_vcs_unit__3349347227": {
            "Compiled": "Yes",
            "Compiled Times": 1
        },
        "std": {
            "Compiled": "Yes",
            "Compiled Times": 1
        },
        "uvm_pkg": {
            "Compiled": "Yes",
            "Compiled Times": 1
        }
    },
    "CompUnits": {
        "amcQw_d": {
            "mode": 4,
            "mod": "...MASTER...",
            "out": "amcQw_d.o",
            "archive": "archive.0/_401_archive_1.a",
            "bytes": 5329
        },
        "hEeZs_d": {
            "mode": 4,
            "mod": "vcs_paramclassrepository",
            "out": "hEeZs_d.o",
            "archive": "archive.0/_401_archive_1.a",
            "bytes": 2581231
        },
        "kIuH1_d": {
            "mode": 4,
            "mod": "apb_agent_pkg",
            "out": "kIuH1_d.o",
            "archive": "archive.0/_401_archive_1.a",
            "bytes": 69145
        },
        "uM9F1_d": {
            "mode": 4,
            "mod": "_vcs_DPI_package",
            "out": "uM9F1_d.o",
            "archive": "archive.0/_401_archive_1.a",
            "bytes": 15997
        },
        "DqGeV_d": {
            "mode": 4,
            "mod": "_vcs_unit__3349347227",
            "out": "DqGeV_d.o",
            "archive": "archive.0/_401_archive_1.a",
            "bytes": 80014
        },
        "reYIK_d": {
            "mode": 4,
            "mod": "std",
            "out": "reYIK_d.o",
            "archive": "archive.0/_401_archive_1.a",
            "bytes": 19377
        },
        "zr7M1_d": {
            "mode": 4,
            "mod": "uvm_pkg",
            "out": "zr7M1_d.o",
            "archive": "archive.0/_401_archive_1.a",
            "bytes": 2018838
        },
        "d9vZk_d": {
            "mode": 4,
            "mod": "apb_if",
            "out": "d9vZk_d.o",
            "archive": "archive.0/_401_archive_1.a",
            "bytes": 11040
        },
        "MmuQ9_d": {
            "mode": 4,
            "mod": "alu_reg",
            "out": "MmuQ9_d.o",
            "archive": "archive.0/_401_archive_1.a",
            "bytes": 14461
        },
        "EiRPr_d": {
            "mode": 4,
            "mod": "alu_tb",
            "out": "EiRPr_d.o",
            "archive": "archive.0/_401_archive_1.a",
            "bytes": 10927
        }
    },
    "ObjArchives": [
        {
            "archive": "archive.0/_401_archive_1.a",
            "size": 4826359,
            "objects": [
                [
                    "amcQw_d.o",
                    5329
                ],
                [
                    "hEeZs_d.o",
                    2581231
                ],
                [
                    "uM9F1_d.o",
                    15997
                ],
                [
                    "DqGeV_d.o",
                    80014
                ],
                [
                    "reYIK_d.o",
                    19377
                ],
                [
                    "zr7M1_d.o",
                    2018838
                ],
                [
                    "kIuH1_d.o",
                    69145
                ],
                [
                    "d9vZk_d.o",
                    11040
                ],
                [
                    "MmuQ9_d.o",
                    14461
                ],
                [
                    "EiRPr_d.o",
                    10927
                ]
            ]
        }
    ]
}