{
    "apb_agent_pkg": [
        "apb_agent_pkg",
        "kIuH1",
        "module"
    ],
    "_vcs_DPI_package": [
        "_vcs_DPI_package",
        "uM9F1",
        "module"
    ],
    "alu_tb": [
        "alu_tb",
        "EiRPr",
        "module"
    ],
    "vcs_paramclassrepository": [
        "vcs_paramclassrepository",
        "hEeZs",
        "module"
    ],
    "apb_if": [
        "apb_if",
        "d9vZk",
        "module"
    ],
    "alu_reg": [
        "alu_reg",
        "MmuQ9",
        "module"
    ],
    "_vcs_unit__3349347227": [
        "_vcs_unit__3349347227",
        "DqGeV",
        "module"
    ],
    "std": [
        "std",
        "reYIK",
        "module"
    ],
    "uvm_pkg": [
        "uvm_pkg",
        "zr7M1",
        "module"
    ],
    "...MASTER...": [
        "SIM",
        "amcQw",
        "module"
    ]
}